image,image_url,species_prediction,true_species,native_to_ohio
image-1.jpg,https://live.staticflickr.com/65535/50567923271_926d37d247_b.jpg,Belted Kingfisher,Belted Kingfisher,
image-2.jpg,https://live.staticflickr.com/65535/50561598837_04ed2168d8_b.jpg,White tailed Deer,White tailed Deer,
image-3.jpg,https://live.staticflickr.com/65535/50561597437_b02dc4f1e4_b.jpg,Columbian Black tailed Deer,test_for_cf_matrix,
image-4.jpg,https://live.staticflickr.com/65535/50561468316_74b9d94115_b.jpg,Columbian Black tailed Deer,Columbian Black tailed Deer,
image-5.jpg,https://live.staticflickr.com/65535/50553140586_a04857b1e0_b.jpg,Little Egret,Little Egret,
image-6.jpg,https://live.staticflickr.com/65535/50543914708_e597b1c4d4_b.jpg,Northern Cardinal,Northern Cardinal,
